квир	54	oid=b:1000006750
как обезопасить сбербанковскую карту виза от мошенников	11256	oid=b:1000034619
депутат жук нижний новгород	47	oid=b:1000043535
Теле 2 услуги тариф посмотреть свой тариф и изменить	47	oid=b:1000056889
вхл ермак барыс смотреть онлайн	50	oid=b:1000063813
смотреть фильм побег из шоушенка	128967	oid=b:1000064092
дром  хонда  фит  иркутск	11367	oid=b:1000079946
всёинет пенза каталог товаров	11101	oid=b:1000095534
гифы расшифровка	213	oid=b:1000098299
Люди Икc: Aпoкалипcиc (2016)	10762	oid=b:1000104360
подслушано в советске	20141	oid=b:1000104929
бонга	39	oid=b:1000106030
хасбро игрушки	12	oid=b:1000110917
калужанка швейная фабрика официальный сайт	10758	oid=b:1000117071
яндекс почта	11168	oid=b:1000117959
рыбинск аварии за эту неделю	213	oid=b:1000119512
рыбинская неделя	10839	oid=b:1000119512
рыбинская правда	16	oid=b:1000119512
валютная политика цб рф	53	oid=b:1000138767
айтишкола.ру электронная система образование	49	oid=b:1000144866
