1с установка программы	28
5754747 салон красоты	2
Взыскание долгов	236
Выхино девушка познакомимся	213
Номер телефона подключение приставки тв	59
Приморский р н вывоз мусора недорого	2
Ремонт колодцев фекальной канализации с заменой труб	50
Репетитор по химии м. Щелковская	213
Сколько стоит укладки керамогранитной плитки на пол в твери	213
Услуги сборка мебели в г. Кызыле	11333
Энгельс Найти мастера который скопирует с кассеты снятой видеокамерой на флешку	194
авито рабочие в Пушкино	213
авто в прокат в спб под такси	2
автосервис первоуральск закрепления аккумулятора	52
автостекло 24	213
авточехлы уровня перетяжки	10731
адвокаты онлайн консультация бесплатно	2
аренда бетономешалки в кунгуре	50
аренда биотуалета в домодедово	10747
аренда строительных лесов в ставрополе	36
астана юрист бесплатно услуга по телефону	177
атлант холодильник настройка	59
бесплатная наркологическая помощь в нижнем новгороде	47
бетономешалка в аренду	225
биоревитализация в москве	1
бюро согласования перепланировок	54
в дербенте девочки по вызову	26
ветклиника в сертолово круглосуточно	2
водопровод под ключ дешево екатеринбург	52
восстановление жесткого диска уфа	172
врезка замка в межкомнатную дверь в красково	1
вывезти строительный мусор в безенчуке	40
вывоз мусора истра	213
выгрузка в махачкале	26
вызов автоэлектрика на дом ульяновск	47
где клеют авто плёнку на авто вв новосибирске	65
где можно отремонтировать мелкую бытовую технику мультиварке или термопот	2
где можно раздать листовки в верхней салде на	11161
гибка металла балашиха	1
гравировка тимашевск	1
грузоперевозки в коврове газель цена	213
грузоперевозки газель	213
грузчики пушкин	2
грузчики солнечногорск авито	213
грузчики тобольск	54
депиляция частные объявления новосибирск	59
дома под ключ тихорецк	37
доставка машины автовозом от владивостока до красноярска	62
жалюзи в похвистнево	51
заказать мужа на час нижний новгород	47
замена масла в акпп на рекстоне	225
замена масла в двигателе цена екатеринбург	54
замена металлических дверей краб в жулебино	213
замена резиновых уплотнителей в холодильнике стинол в новосибирске	65
замена сальника шруса	10740
из ереван автобус москва номер водителя	10262
иммобилайзер basta установка ремонт	213
инструмент напрокат новокузнецк	59
интимный массаж дома в краснодаре	35
как найти официанты на столовая	213
как найти печника в кисловодске	225
кальян аренда набережные челны	172
кемерово утепление гаражных ворот	64
колесный длиннорукий экскаватор аренда спб	2
копка колодцев уфа	43
красноярск замена стекла хонор 8	65
кто может установить раковину%3F%3F	213
курьер в елизово	78
логопед	51
массаж по вызову ханты-мансийск	52
массажист в иваново	225
мастер по эл плитам химки	213
мастер сантехник в мытищах	10740
мастер сварки полиэтиленовых труб черкесск	1104
мастера водопровод	35
мастерская по ремонту зонтов в курске	8
матрицы для телевизоров краснодар	35
монтаж отопления в частном доме в можайске	10743
монтажник систем отопления	40
монтажные организации в казани	43
мужчина на час пермь услуги	50
наладка работы сканер штрих кода	52
наливной пол цена нижний новгород за м2 за работу	43
нанять манипулятор в перми на авито	50
нанять трактор для копки траншеи	3
наращивание ногтей акрилом новокузнецк	237
натяжной потолок цена икряное астраханская область	35
натяжные потолки в г. долгопрудном со штапиковой системой	213
необходим специалист зуп	15
нужна няня питер	2
обработка от короеда в Альметьевск	40
обрезка деревьев в дер Пласкинино	213
обшить стены гипсокартоном цена за кв м	10748
объявления по переустановке виндовс в смоленске	12
оконщики москвы	213
организация которая предоставляет услуги сварщиков	44
отзывы бронировка авто череповец	2
отремонтировать замок защелку на балконе	213
оценка участка казань	40
пассажирские перевозки павлово нижегородская область	40
перетяжка мебели пенза	49
пескоструйная очистка всеволожск	2
печать на футболках калуга	6
плиточники в казани недорого	172
плиточники москва резюме	45
повесить карниз вызвать мастера кудрово	10941
подготовка к ielts спб	2
подпилить дверь снизу мастер в Оренбург	40
помощь в настройке 1 8.3 с бухгалтерия иркутск	63
помощь в получении кредита юридическим лицам	1
портниха в некрасовке	213
поставить забор в городе армавир профнастил	213
прием металлолома выезд на дом	225
продать швейную машинку	35
работа в архангельске свежие вакансии няни на час стоимость	17
разборка старых домов и вывоз мусора в вырице	2
ремонт бытовой техники сыктывкар	19
ремонт дизельной турбины на Man в Тамбове	39
ремонт замков входной металлической двери асино	67
ремонт крыльца по технологии гранитной крошки	2
ремонт кулеров в подольске климовске	10747
ремонт мотоблоков в тюмени	55
ремонт отопления в квартире	11282
ремонт рулевой рейки омск	87
ремонт стиральных машин в омске на дому	59
ремонт телевизоров в бресте	153
ремонт холодильников либхер в нижнем	47
ремонт холодильников рыбинск	10839
ремонт холодильников сосновый бор	969
ремонт электросамокатов спб невский район	2
репетитор в зеленограде по английскому	213
репетитор пианино гатчина	2
риэлторское агентство краснодар	35
рольставни для гаража Doorhan купить в уфе	172
рославль вызов электрика	12
сварочные работы жуковский	20571
сварщики объявления в челябинске	52
сделать инъекционную гидроизоляцию казань	43
северск услуги сантехника	11351
сео продвижение	225
сервисные центры по ремонту фотоаппаратов sony	193
сиделка г бор	40
сколько стоит и где поменять стекло разбитое на смартфоне самсунг джи 4	236
сколько стоит кладка камина из кирпича	213
слесарь сантехник	26
сто краснодар вызов мастера на дорогу	35
стоимость отделки сайдингом за м2 форум	213
строительство фундамента нижний новгород	43
тайский массаж в махачкале	28
такси грузовой	40
телефоны  РИтуальные услуги в селе Ястребовка курской области	21619
тобольск ремонт холодильников на дому	54
убрать бетонный столб липецк	3
углублять колодец	213
укладка кафелем дверных арок нижневартовск	54
укладка мрамора на пол краснодар	35
услуги частного электрика краснодар	35
установить скрытую камеру видеонаблюдения в квартире цена	213
установка межкомнатных дверей цена за работу в донецке	142
установщик кронштейнов телевизора	213
фотограф на свадьбу иваново недорого	3
хороший риэлтор в воронеже отзывы	225
хороший сервисный центр по ремонту телефонов в спб	2
чистка диванов на дому омск цена	66
чистка ковров в новотроицке	11090
шаланда всеволожск	2
штукатурка и покраска стен в орле	10
штукатурка стен в красноярске	59
эвакуатор сегежа	2
экскурсовод по москве на 3 часа	20674
